{
	"arrowLeft": "<svg width='17' height='16' viewBox='0 0 17 16' fill='none' xmlns='http://www.w3.org/2000/svg'><path d='M13.1668 8H3.8335' stroke='#1E1E1E' stroke-width='1.25' stroke-linecap='round' stroke-linejoin='round'/><path d='M8.50016 12.6654L3.8335 7.9987L8.50016 3.33203' stroke='#1E1E1E' stroke-width='1.25' stroke-linecap='round' stroke-linejoin='round'/></svg>",
	"calendar": "<svg width='16' height='16' viewBox='0 0 16 16' fill='none' xmlns='http://www.w3.org/2000/svg'><path d='M12.6667 2.66699H3.33333C2.59695 2.66699 2 3.26395 2 4.00033V13.3337C2 14.07 2.59695 14.667 3.33333 14.667H12.6667C13.403 14.667 14 14.07 14 13.3337V4.00033C14 3.26395 13.403 2.66699 12.6667 2.66699Z' stroke='#1E1E1E' stroke-opacity='0.65' stroke-width='1.25' stroke-linecap='round' stroke-linejoin='round'/><path d='M10.667 1.33301V3.99967' stroke='#1E1E1E' stroke-opacity='0.65' stroke-linecap='round' stroke-linejoin='round'/><path d='M5.33301 1.33301V3.99967' stroke='#1E1E1E' stroke-opacity='0.65' stroke-linecap='round' stroke-linejoin='round'/><path d='M2 6.66699H14' stroke='#1E1E1E' stroke-opacity='0.65' stroke-linecap='round' stroke-linejoin='round'/></svg>",
	"clock": "<svg width='24' height='24' viewBox='0 0 24 24' fill='none' xmlns='http://www.w3.org/2000/svg'><path d='M12 6V12H16.5M21 12C21 16.9706 16.9706 21 12 21C7.02944 21 3 16.9706 3 12C3 7.02944 7.02944 3 12 3C16.9706 3 21 7.02944 21 12Z' stroke='currentColor' stroke-width='1.5' stroke-linecap='round' stroke-linejoin='round'/></svg>",
	"upload": "<svg width='24' height='24' viewBox='0 0 24 24' fill='none' xmlns='http://www.w3.org/2000/svg'><path d='M21 15V19C21 19.5304 20.7893 20.0391 20.4142 20.4142C20.0391 20.7893 19.5304 21 19 21H5C4.46957 21 3.96086 20.7893 3.58579 20.4142C3.21071 20.0391 3 19.5304 3 19V15' stroke='#1E1E1E' stroke-opacity='0.65' stroke-width='1.5' stroke-linecap='round' stroke-linejoin='round'/><path d='M17 8L12 3L7 8' stroke='#1E1E1E' stroke-opacity='0.65' stroke-width='1.5' stroke-linecap='round' stroke-linejoin='round'/><path d='M12 3V15' stroke='#1E1E1E' stroke-opacity='0.65' stroke-width='1.5' stroke-linecap='round' stroke-linejoin='round'/></svg>",
	"heart": "<svg xmlns='http://www.w3.org/2000/svg' fill='none' viewBox='0 0 24 24' stroke-width='1' stroke='currentColor'><path stroke-linecap='round' stroke-linejoin='round' d='M21 8.25c0-2.485-2.099-4.5-4.688-4.5-1.935 0-3.597 1.126-4.312 2.733-.715-1.607-2.377-2.733-4.313-2.733C5.1 3.75 3 5.765 3 8.25c0 7.22 9 12 9 12s9-4.78 9-12z' /></svg>",
	"smiley1": "<svg aria-hidden='true' xmlns='http://www.w3.org/2000/svg' viewBox='0 0 24 24' fill='none' stroke='currentColor' stroke-width='2' stroke-linecap='round' stroke-linejoin='round'><circle cx='12' cy='12' r='10'/><path d='M16 16s-1.5-2-4-2-4 2-4 2'/><path d='M7.5 8 10 9'/><path d='m14 9 2.5-1'/><path d='M9 10h.01'/><path d='M15 10h.01'/></svg>",
	"smiley2": "<svg aria-hidden='true' xmlns='http://www.w3.org/2000/svg' viewBox='0 0 24 24' fill='none' stroke='currentColor' stroke-width='2' stroke-linecap='round' stroke-linejoin='round'><circle cx='12' cy='12' r='10'/><path d='M16 16s-1.5-2-4-2-4 2-4 2'/><line x1='9' x2='9.01' y1='9' y2='9'/><line x1='15' x2='15.01' y1='9' y2='9'/></svg>",
	"smiley3": "<svg aria-hidden='true' xmlns='http://www.w3.org/2000/svg' viewBox='0 0 24 24' fill='none' stroke='currentColor' stroke-width='2' stroke-linecap='round' stroke-linejoin='round'><circle cx='12' cy='12' r='10'/><line x1='8' x2='16' y1='15' y2='15'/><line x1='9' x2='9.01' y1='9' y2='9'/><line x1='15' x2='15.01' y1='9' y2='9'/></svg>",
	"smiley4": "<svg aria-hidden='true' xmlns='http://www.w3.org/2000/svg' viewBox='0 0 24 24' fill='none' stroke='currentColor' stroke-width='2' stroke-linecap='round' stroke-linejoin='round'><circle cx='12' cy='12' r='10'/><path d='M8 14s1.5 2 4 2 4-2 4-2'/><line x1='9' x2='9.01' y1='9' y2='9'/><line x1='15' x2='15.01' y1='9' y2='9'/></svg>",
	"smiley5": "<svg aria-hidden='true' xmlns='http://www.w3.org/2000/svg' viewBox='0 0 24 24' fill='none' stroke='currentColor' stroke-width='2' stroke-linecap='round' stroke-linejoin='round'><circle cx='12' cy='12' r='10'/><path d='M18 13a6 6 0 0 1-6 5 6 6 0 0 1-6-5h12Z'/><line x1='9' x2='9.01' y1='9' y2='9'/><line x1='15' x2='15.01' y1='9' y2='9'/></svg>",
	"thumbUp": "<svg aria-hidden='true' xmlns='http://www.w3.org/2000/svg' viewBox='0 0 24 24' fill='none' stroke='currentColor' stroke-width='2' stroke-linecap='round' stroke-linejoin='round'> <path d='M7 10v12 M15 5.88 14 10h5.83a2 2 0 0 1 1.92 2.56l-2.33 8A2 2 0 0 1 17.5 22H4a2 2 0 0 1-2-2v-8a2 2 0 0 1 2-2h2.76a2 2 0 0 0 1.79-1.11L12 2a3.13 3.13 0 0 1 3 3.88Z' style='stroke: inherit;'></path></svg>",
	"thumbDown": "<svg aria-hidden='true' xmlns='http://www.w3.org/2000/svg' viewBox='0 0 24 24' fill='none' stroke='currentColor' stroke-width='2' stroke-linecap='round' stroke-linejoin='round'> <path d='M17 14V2 M9 18.12L10 14H4.17a2 2 0 0 1-1.92-2.56l2.33-8A2 2 0 0 1 6.5 2H20a2 2 0 0 1 2 2v8a2 2 0 0 1-2 2h-2.76a2 2 0 0 0-1.79 1.11L12 22a3.13 3.13 0 0 1-3-3.88Z'></path> </svg>",
	"star": "<svg aria-hidden='true' xmlns='http://www.w3.org/2000/svg' fill='none' viewBox='0 0 24 24' stroke-width='1' stroke='currentColor'><path stroke-linecap='round' stroke-linejoin='round' d='M11.48 3.499a.562.562 0 011.04 0l2.125 5.111a.563.563 0 00.475.345l5.518.442c.499.04.701.663.321.988l-4.204 3.602a.563.563 0 00-.182.557l1.285 5.385a.562.562 0 01-.84.61l-4.725-2.885a.563.563 0 00-.586 0L6.982 20.54a.562.562 0 01-.84-.61l1.285-5.386a.562.562 0 00-.182-.557l-4.204-3.602a.563.563 0 01.321-.988l5.518-.442a.563.563 0 00.475-.345L11.48 3.5z' /></svg>",
	"copy": "<svg width='16' height='16' viewBox='0 0 16 16' fill='none' xmlns='http://www.w3.org/2000/svg'><g clip-path='url(#clip0_16020_13025)'><path d='M13.3333 6H7.33333C6.59695 6 6 6.59695 6 7.33333V13.3333C6 14.0697 6.59695 14.6667 7.33333 14.6667H13.3333C14.0697 14.6667 14.6667 14.0697 14.6667 13.3333V7.33333C14.6667 6.59695 14.0697 6 13.3333 6Z' stroke='#1E1E1E' stroke-width='1.25' stroke-linecap='round' stroke-linejoin='round'/><path d='M3.3335 10.0026H2.66683C2.31321 10.0026 1.97407 9.86213 1.72402 9.61208C1.47397 9.36203 1.3335 9.02289 1.3335 8.66927V2.66927C1.3335 2.31565 1.47397 1.97651 1.72402 1.72646C1.97407 1.47641 2.31321 1.33594 2.66683 1.33594H8.66683C9.02045 1.33594 9.35959 1.47641 9.60964 1.72646C9.85969 1.97651 10.0002 2.31565 10.0002 2.66927V3.33594' stroke='#1E1E1E' stroke-width='1.25' stroke-linecap='round' stroke-linejoin='round'/></g><defs><clipPath id='clip0_16020_13025'><rect width='16' height='16' fill='white'/></clipPath></defs></svg>",
	"download": "<svg width='16' height='16' viewBox='0 0 16 16' fill='none' xmlns='http://www.w3.org/2000/svg'><path d='M14 10V12.6667C14 13.0203 13.8595 13.3594 13.6095 13.6095C13.3594 13.8595 13.0203 14 12.6667 14H3.33333C2.97971 14 2.64057 13.8595 2.39052 13.6095C2.14048 13.3594 2 13.0203 2 12.6667V10' stroke='#111827' stroke-width='1.25' stroke-linecap='round' stroke-linejoin='round'/><path d='M4.66675 6.66406L8.00008 9.9974L11.3334 6.66406' stroke='#111827' stroke-width='1.25' stroke-linecap='round' stroke-linejoin='round'/><path d='M8 10V2' stroke='#111827' stroke-width='1.25' stroke-linecap='round' stroke-linejoin='round'/></svg>",
	"attachments": {
		"image": "<svg width='24' height='24' viewBox='0 0 24 24' fill='none' xmlns='http://www.w3.org/2000/svg'><path d='M19 3H5C3.89543 3 3 3.89543 3 5V19C3 20.1046 3.89543 21 5 21H19C20.1046 21 21 20.1046 21 19V5C21 3.89543 20.1046 3 19 3Z' stroke='#111827' stroke-width='1.25' stroke-linecap='round' stroke-linejoin='round'/><path d='M9 11C10.1046 11 11 10.1046 11 9C11 7.89543 10.1046 7 9 7C7.89543 7 7 7.89543 7 9C7 10.1046 7.89543 11 9 11Z' stroke='#111827' stroke-width='1.25' stroke-linecap='round' stroke-linejoin='round'/><path d='M21 14.9997L17.914 11.9137C17.5389 11.5388 17.0303 11.3281 16.5 11.3281C15.9697 11.3281 15.4611 11.5388 15.086 11.9137L6 20.9997' stroke='#111827' stroke-width='1.25' stroke-linecap='round' stroke-linejoin='round'/></svg>",
		"audio": "<svg width='24' height='24' viewBox='0 0 24 24' fill='none' xmlns='http://www.w3.org/2000/svg'><path d='M17.5 22H18C18.5 22 19 21.8 19.4 21.4C19.8 21 20 20.5 20 20V7.5L14.5 2H6C5.5 2 5 2.2 4.6 2.6C4.2 3 4 3.5 4 4V7' stroke='#111827' stroke-width='1.25' stroke-linecap='round' stroke-linejoin='round'/><path d='M14 2V8H20' stroke='#111827' stroke-width='1.25' stroke-linecap='round' stroke-linejoin='round'/><path d='M10 20V19C10 18.4696 10.2107 17.9609 10.5858 17.5858C10.9609 17.2107 11.4696 17 12 17C12.5304 17 13.0391 17.2107 13.4142 17.5858C13.7893 17.9609 14 18.4696 14 19V20C14 20.5304 13.7893 21.0391 13.4142 21.4142C13.0391 21.7893 12.5304 22 12 22C11.4696 22 10.9609 21.7893 10.5858 21.4142C10.2107 21.0391 10 20.5304 10 20Z' stroke='#111827' stroke-width='1.25' stroke-linecap='round' stroke-linejoin='round'/><path d='M6 20V19C6 18.4696 5.78929 17.9609 5.41421 17.5858C5.03914 17.2107 4.53043 17 4 17C3.46957 17 2.96086 17.2107 2.58579 17.5858C2.21071 17.9609 2 18.4696 2 19V20C2 20.5304 2.21071 21.0391 2.58579 21.4142C2.96086 21.7893 3.46957 22 4 22C4.53043 22 5.03914 21.7893 5.41421 21.4142C5.78929 21.0391 6 20.5304 6 20Z' stroke='#111827' stroke-width='1.25' stroke-linecap='round' stroke-linejoin='round'/><path d='M2 19V16C2 14.4087 2.63214 12.8826 3.75736 11.7574C4.88258 10.6321 6.4087 10 8 10C9.5913 10 11.1174 10.6321 12.2426 11.7574C13.3679 12.8826 14 14.4087 14 16V19' stroke='#111827' stroke-width='1.25' stroke-linecap='round' stroke-linejoin='round'/></svg>",
		"default": "<svg width='24' height='24' viewBox='0 0 24 24' fill='none' xmlns='http://www.w3.org/2000/svg'><path d='M9.5 2H18C18.5304 2 19.0391 2.21071 19.4142 2.58579C19.7893 2.96086 20 3.46957 20 4V20C20 20.5304 19.7893 21.0391 19.4142 21.4142C19.0391 21.7893 18.5304 22 18 22H6C5.46957 22 4.96086 21.7893 4.58579 21.4142C4.21072 21.0391 4 20.5304 4 20V7.5L9.5 2Z' stroke='#111827' stroke-width='1.25' stroke-linecap='round' stroke-linejoin='round'/><path d='M10 2V8H4' stroke='#111827' stroke-width='1.25' stroke-linecap='round' stroke-linejoin='round'/><path d='M8 13H16' stroke='#111827' stroke-width='1.25' stroke-linecap='round' stroke-linejoin='round'/><path d='M8 17H16' stroke='#111827' stroke-width='1.25' stroke-linecap='round' stroke-linejoin='round'/><path d='M14 9H16' stroke='#111827' stroke-width='1.25' stroke-linecap='round' stroke-linejoin='round'/></svg>"
	},
	"delete": "<svg width='20' height='20' viewBox='0 0 20 20' fill='none' xmlns='http://www.w3.org/2000/svg'><path d='M12.2837 7.5L11.9952 15M8.00481 15L7.71635 7.5M16.023 4.82547C16.308 4.86851 16.592 4.91456 16.875 4.96358M16.023 4.82547L15.1332 16.3938C15.058 17.3707 14.2434 18.125 13.2637 18.125H6.73631C5.75655 18.125 4.94198 17.3707 4.86683 16.3938L3.97696 4.82547M16.023 4.82547C15.0677 4.6812 14.1013 4.57071 13.125 4.49527M3.125 4.96358C3.40798 4.91456 3.69198 4.86851 3.97696 4.82547M3.97696 4.82547C4.93231 4.6812 5.89874 4.57071 6.875 4.49527M13.125 4.49527V3.73182C13.125 2.74902 12.3661 1.92853 11.3838 1.8971C10.9244 1.8824 10.463 1.875 10 1.875C9.53696 1.875 9.07565 1.8824 8.61618 1.8971C7.63388 1.92853 6.875 2.74902 6.875 3.73182V4.49527M13.125 4.49527C12.0938 4.41558 11.0516 4.375 10 4.375C8.94836 4.375 7.9062 4.41558 6.875 4.49527' stroke='#94A3B8' stroke-width='1.5' stroke-linecap='round' stroke-linejoin='round'/></svg>",
	"close": "<svg width='20' height='20' viewBox='0 0 20 20' fill='none' xmlns='http://www.w3.org/2000/svg'><path d='M14 6L6 14' stroke='#6B7280' stroke-width='1.25' stroke-linecap='round' stroke-linejoin='round'/><path d='M6 6L14 14' stroke='#6B7280' stroke-width='1.25' stroke-linecap='round' stroke-linejoin='round'/></svg>",
	"next": "<svg width='16' height='16' viewBox='0 0 16 16' fill='none' xmlns='http://www.w3.org/2000/svg'><path d='M6 12L10 8L6 4' stroke-width='1.25' stroke-linecap='round' stroke-linejoin='round'/></svg>",
	"previous": "<svg width='16' height='16' viewBox='0 0 16 16' fill='none' xmlns='http://www.w3.org/2000/svg'><path d='M10 12L6 8L10 4' stroke-width='1.25' stroke-linecap='round' stroke-linejoin='round'/></svg>",
	"edit": "<svg width='16' height='16' viewBox='0 0 16 16' fill='none' xmlns='http://www.w3.org/2000/svg'><path d='M11.2411 2.99111L12.3661 1.86612C12.8543 1.37796 13.6457 1.37796 14.1339 1.86612C14.622 2.35427 14.622 3.14573 14.1339 3.63388L7.05479 10.713C6.70234 11.0654 6.26762 11.3245 5.78993 11.4668L4 12L4.53319 10.2101C4.67548 9.73239 4.93456 9.29767 5.28701 8.94522L11.2411 2.99111ZM11.2411 2.99111L13 4.74999M12 9.33333V12.5C12 13.3284 11.3284 14 10.5 14H3.5C2.67157 14 2 13.3284 2 12.5V5.49999C2 4.67157 2.67157 3.99999 3.5 3.99999H6.66667' stroke='#2271b1' stroke-linecap='round' stroke-linejoin='round'/></svg>",
	"addNotePlus": "<svg width='16' height='16' viewBox='0 0 16 16' fill='none' xmlns='http://www.w3.org/2000/svg'><path d='M8 3.33594V12.6693' stroke='black' stroke-width='1.25' stroke-linecap='round' stroke-linejoin='round'/><path d='M3.33337 8H12.6667' stroke='black' stroke-width='1.25' stroke-linecap='round' stroke-linejoin='round'/></svg>",
	"overlaySpinner": "<svg width='45' height='45' fill='#2271b1' viewBox='0 0 24 24' xmlns='http://www.w3.org/2000/svg'><path d='M12,1A11,11,0,1,0,23,12,11,11,0,0,0,12,1Zm0,19a8,8,0,1,1,8-8A8,8,0,0,1,12,20Z' opacity='.25'/><path d='M12,4a8,8,0,0,1,7.89,6.7A1.53,1.53,0,0,0,21.38,12h0a1.5,1.5,0,0,0,1.48-1.75,11,11,0,0,0-21.72,0A1.5,1.5,0,0,0,2.62,12h0a1.53,1.53,0,0,0,1.49-1.3A8,8,0,0,1,12,4Z' class='spinner_z9k8'/></svg>",
	"resendNotificationFailed": "<svg width='20' height='20' viewBox='0 0 24 24' fill='none' xmlns='http://www.w3.org/2000/svg'><path d='M12.0003 8.9975V12.7475M2.69702 16.1231C1.83163 17.6231 2.9142 19.4975 4.64593 19.4975H19.3546C21.0863 19.4975 22.1689 17.6231 21.3035 16.1231L13.9492 3.37562C13.0833 1.87479 10.9172 1.87479 10.0513 3.37562L2.69702 16.1231ZM12.0003 15.7475H12.0078V15.755H12.0003V15.7475Z' stroke='#EF4444' stroke-width='2' stroke-linecap='round' stroke-linejoin='round'/></svg>",
	"resendNotificationSuccess": "<svg width='20' height='20' viewBox='0 0 20 20' fill='none' xmlns='http://www.w3.org/2000/svg'><g clip-path='url(#clip0_16958_8537)'><path d='M10.0003 18.3307C14.6028 18.3307 18.3337 14.5999 18.3337 9.9974C18.3337 5.3949 14.6028 1.66406 10.0003 1.66406C5.39783 1.66406 1.66699 5.3949 1.66699 9.9974C1.66699 14.5999 5.39783 18.3307 10.0003 18.3307Z' stroke='#16A34A' stroke-width='1.5' stroke-linecap='round' stroke-linejoin='round'/><path d='M7.5 10.0026L9.16667 11.6693L12.5 8.33594' stroke='#16A34A' stroke-width='1.5' stroke-linecap='round' stroke-linejoin='round'/></g><defs><clipPath id='clip0_16958_8537'><rect width='20' height='20' fill='white'/></clipPath></defs></svg>",
	"clear": "<svg xmlns='http://www.w3.org/2000/svg' width='14' height='14' viewBox='0 0 24 24' stroke-opacity='0.65' fill='none' stroke='#8D8D8D' stroke-width='2' stroke-linecap='round' stroke-linejoin='round' class='lucide lucide-refresh-ccw'><path d='M21 12a9 9 0 0 0-9-9 9.75 9.75 0 0 0-6.74 2.74L3 8'/><path d='M3 3v5h5'/><path d='M3 12a9 9 0 0 0 9 9 9.75 9.75 0 0 0 6.74-2.74L21 16'/><path d='M16 16h5v5'/></svg>",
	"signatureUpload": "<svg xmlns='http://www.w3.org/2000/svg' width='14' height='14' viewBox='0 0 24 24' stroke-opacity='0.65' fill='none' stroke='#8D8D8D' stroke-width='2' stroke-linecap='round' stroke-linejoin='round' class='lucide lucide-upload'><path d='M21 15v4a2 2 0 0 1-2 2H5a2 2 0 0 1-2-2v-4'/><polyline points='17 8 12 3 7 8'/><line x1='12' x2='12' y1='3' y2='15'/></svg>",
	"valid": "<svg width='12' height='12' viewBox='0 0 12 12' fill='none' xmlns='http://www.w3.org/2000/svg'><g clip-path='url(#clip0_16551_44174)'><path d='M6 11C8.7615 11 11 8.7615 11 6C11 3.2385 8.7615 1 6 1C3.2385 1 1 3.2385 1 6C1 8.7615 3.2385 11 6 11Z' stroke='#16A34A' stroke-linecap='round' stroke-linejoin='round'/><path d='M4.5 6L5.5 7L7.5 5' stroke='#16A34A' stroke-linecap='round' stroke-linejoin='round'/></g><defs><clipPath id='clip0_16551_44174'><rect width='12' height='12' fill='white'/></clipPath></defs></svg>",
	"invalid": "<svg width='12' height='12' viewBox='0 0 12 12' fill='none' xmlns='http://www.w3.org/2000/svg'><mask id='path-1-inside-1_16551_44252' fill='white'><path fill-rule='evenodd' clip-rule='evenodd' d='M0.70166 6.00139C0.70166 3.07524 3.07378 0.703125 5.99993 0.703125C8.92608 0.703125 11.2982 3.07524 11.2982 6.00139C11.2982 8.92749 8.92608 11.2996 5.99993 11.2996C3.07378 11.2996 0.70166 8.92749 0.70166 6.00139ZM5.99993 1.46312C3.49351 1.46312 1.46166 3.49498 1.46166 6.00139C1.46166 8.50781 3.49351 10.5396 5.99993 10.5396C8.50632 10.5396 10.5382 8.50781 10.5382 6.00139C10.5382 3.49498 8.50632 1.46312 5.99993 1.46312ZM7.88286 4.11864C8.03904 4.27485 8.03904 4.52812 7.88286 4.68433L6.5657 6.00148L7.88286 7.31864C8.03904 7.47485 8.03904 7.72812 7.88286 7.88433C7.72666 8.04053 7.47338 8.04053 7.31718 7.88433L6.00002 6.56717L4.68286 7.88433C4.52666 8.04053 4.27338 8.04053 4.11718 7.88433C3.96097 7.72812 3.96097 7.47485 4.11718 7.31864L5.43434 6.00148L4.11718 4.68433C3.96097 4.52812 3.96097 4.27485 4.11718 4.11864C4.27338 3.96243 4.52666 3.96243 4.68286 4.11864L6.00002 5.4358L7.31718 4.11864C7.47338 3.96243 7.72666 3.96243 7.88286 4.11864Z'/></mask><path fill-rule='evenodd' clip-rule='evenodd' d='M0.70166 6.00139C0.70166 3.07524 3.07378 0.703125 5.99993 0.703125C8.92608 0.703125 11.2982 3.07524 11.2982 6.00139C11.2982 8.92749 8.92608 11.2996 5.99993 11.2996C3.07378 11.2996 0.70166 8.92749 0.70166 6.00139ZM5.99993 1.46312C3.49351 1.46312 1.46166 3.49498 1.46166 6.00139C1.46166 8.50781 3.49351 10.5396 5.99993 10.5396C8.50632 10.5396 10.5382 8.50781 10.5382 6.00139C10.5382 3.49498 8.50632 1.46312 5.99993 1.46312ZM7.88286 4.11864C8.03904 4.27485 8.03904 4.52812 7.88286 4.68433L6.5657 6.00148L7.88286 7.31864C8.03904 7.47485 8.03904 7.72812 7.88286 7.88433C7.72666 8.04053 7.47338 8.04053 7.31718 7.88433L6.00002 6.56717L4.68286 7.88433C4.52666 8.04053 4.27338 8.04053 4.11718 7.88433C3.96097 7.72812 3.96097 7.47485 4.11718 7.31864L5.43434 6.00148L4.11718 4.68433C3.96097 4.52812 3.96097 4.27485 4.11718 4.11864C4.27338 3.96243 4.52666 3.96243 4.68286 4.11864L6.00002 5.4358L7.31718 4.11864C7.47338 3.96243 7.72666 3.96243 7.88286 4.11864Z' fill='#111827'/><path d='M7.88286 4.11864L8.59004 3.41161L8.58997 3.41153L7.88286 4.11864ZM7.88286 4.68433L8.58997 5.39144L8.59004 5.39136L7.88286 4.68433ZM6.5657 6.00148L5.8586 5.29437L5.15149 6.00148L5.8586 6.70859L6.5657 6.00148ZM7.88286 7.31864L8.59004 6.61161L8.58997 6.61153L7.88286 7.31864ZM7.88286 7.88433L8.58995 8.59145L8.59004 8.59136L7.88286 7.88433ZM7.31718 7.88433L6.61007 8.59144L6.61009 8.59145L7.31718 7.88433ZM6.00002 6.56717L6.70712 5.86006L6.00001 5.15295L5.29291 5.86006L6.00002 6.56717ZM4.68286 7.88433L5.38995 8.59145L5.38997 8.59143L4.68286 7.88433ZM4.11718 7.88433L3.41007 8.59144L3.41009 8.59145L4.11718 7.88433ZM5.43434 6.00148L6.14144 6.70859L6.84855 6.00148L6.14144 5.29437L5.43434 6.00148ZM4.11718 4.68433L3.41007 5.39144L3.41007 5.39144L4.11718 4.68433ZM4.68286 4.11864L5.38997 3.41154L5.38997 3.41153L4.68286 4.11864ZM6.00002 5.4358L5.29291 6.14291L6.00001 6.85002L6.70712 6.14291L6.00002 5.4358ZM1.70166 6.00139C1.70166 3.62753 3.62606 1.70312 5.99993 1.70312V-0.296875C2.52149 -0.296875 -0.29834 2.52296 -0.29834 6.00139H1.70166ZM5.99993 1.70312C8.37379 1.70312 10.2982 3.62752 10.2982 6.00139H12.2982C12.2982 2.52296 9.47837 -0.296875 5.99993 -0.296875V1.70312ZM10.2982 6.00139C10.2982 8.37522 8.37378 10.2996 5.99993 10.2996V12.2996C9.47838 12.2996 12.2982 9.47976 12.2982 6.00139H10.2982ZM5.99993 10.2996C3.62606 10.2996 1.70166 8.37521 1.70166 6.00139H-0.29834C-0.29834 9.47977 2.52149 12.2996 5.99993 12.2996V10.2996ZM5.99993 0.463121C2.94122 0.463121 0.461664 2.94269 0.461664 6.00139H2.46166C2.46166 4.04726 4.0458 2.46312 5.99993 2.46312V0.463121ZM0.461664 6.00139C0.461664 9.06009 2.94123 11.5396 5.99993 11.5396V9.53965C4.04579 9.53965 2.46166 7.95552 2.46166 6.00139H0.461664ZM5.99993 11.5396C9.05861 11.5396 11.5382 9.06009 11.5382 6.00139H9.53816C9.53816 7.95553 7.95403 9.53965 5.99993 9.53965V11.5396ZM11.5382 6.00139C11.5382 2.9427 9.05861 0.463121 5.99993 0.463121V2.46312C7.95403 2.46312 9.53816 4.04725 9.53816 6.00139H11.5382ZM7.17568 4.82568C6.94143 4.59138 6.94143 4.21159 7.17568 3.97729L8.59004 5.39136C9.13665 4.84465 9.13665 3.95832 8.59004 3.41161L7.17568 4.82568ZM7.17576 3.97722L5.8586 5.29437L7.27281 6.70859L8.58997 5.39144L7.17576 3.97722ZM5.8586 6.70859L7.17576 8.02575L8.58997 6.61153L7.27281 5.29437L5.8586 6.70859ZM7.17568 8.02567C6.94143 7.79138 6.94143 7.41159 7.17568 7.17729L8.59004 8.59136C9.13665 8.04465 9.13665 7.15832 8.59004 6.61161L7.17568 8.02567ZM7.17577 7.1772C7.41009 6.9429 7.78995 6.9429 8.02426 7.1772L6.61009 8.59145C7.15681 9.13815 8.04322 9.13815 8.58995 8.59145L7.17577 7.1772ZM8.02428 7.17722L6.70712 5.86006L5.29291 7.27428L6.61007 8.59144L8.02428 7.17722ZM5.29291 5.86006L3.97575 7.17722L5.38997 8.59143L6.70712 7.27427L5.29291 5.86006ZM3.97577 7.1772C4.21009 6.9429 4.58995 6.9429 4.82426 7.1772L3.41009 8.59145C3.95682 9.13815 4.84322 9.13815 5.38995 8.59145L3.97577 7.1772ZM4.82428 7.17722C5.0586 7.41154 5.0586 7.79143 4.82428 8.02575L3.41007 6.61153C2.86334 7.15827 2.86334 8.0447 3.41007 8.59144L4.82428 7.17722ZM4.82428 8.02575L6.14144 6.70859L4.72723 5.29437L3.41007 6.61153L4.82428 8.02575ZM6.14144 5.29437L4.82428 3.97722L3.41007 5.39144L4.72723 6.70859L6.14144 5.29437ZM4.82428 3.97722C5.0586 4.21154 5.0586 4.59143 4.82428 4.82575L3.41007 3.41153C2.86334 3.95827 2.86334 4.8447 3.41007 5.39144L4.82428 3.97722ZM4.82428 4.82575C4.58997 5.06006 4.21007 5.06006 3.97576 4.82575L5.38997 3.41153C4.84324 2.8648 3.9568 2.8648 3.41007 3.41153L4.82428 4.82575ZM3.97575 4.82575L5.29291 6.14291L6.70712 4.7287L5.38997 3.41154L3.97575 4.82575ZM6.70712 6.14291L8.02428 4.82575L6.61007 3.41153L5.29291 4.72869L6.70712 6.14291ZM8.02428 4.82575C7.78997 5.06006 7.41007 5.06006 7.17576 4.82575L8.58997 3.41153C8.04324 2.8648 7.1568 2.8648 6.61007 3.41153L8.02428 4.82575Z' fill='#DC2626' mask='url(#path-1-inside-1_16551_44252)'/></svg>",
	"more": "<svg width='16' height='16' viewBox='0 0 16 16' fill='none' xmlns='http://www.w3.org/2000/svg'><path fill-rule='evenodd' clip-rule='evenodd' d='M9.20005 2.66484C9.20005 3.32759 8.66279 3.86484 8.00005 3.86484C7.33731 3.86484 6.80005 3.32759 6.80005 2.66484C6.80005 2.0021 7.33731 1.46484 8.00005 1.46484C8.66279 1.46484 9.20005 2.0021 9.20005 2.66484ZM9.20005 7.99818C9.20005 8.66092 8.66279 9.19818 8.00005 9.19818C7.33731 9.19818 6.80005 8.66092 6.80005 7.99818C6.80005 7.33544 7.33731 6.79818 8.00005 6.79818C8.66279 6.79818 9.20005 7.33544 9.20005 7.99818ZM8.00005 14.5315C8.66279 14.5315 9.20005 13.9942 9.20005 13.3315C9.20005 12.6688 8.66279 12.1315 8.00005 12.1315C7.33731 12.1315 6.80005 12.6688 6.80005 13.3315C6.80005 13.9942 7.33731 14.5315 8.00005 14.5315Z' fill='#4B5563'/></svg>",
	"custom_plus_icon": "<svg width='8' height='8' viewBox='0 0 8 8' class='srfm-custom-plus-icon'><path fill='srfmDarkColor' d='M4.35613 0.231675L3.52528 0.231675V3.52561L0.231343 3.52561V4.35647L3.52528 4.35647V7.65041L4.35613 7.65041L4.35613 4.35647H7.65007V3.52561H4.35613L4.35613 0.231675Z'/></svg>",
	"maximize": "<svg width='12' height='12' viewBox='0 0 12 12' fill='none' xmlns='http://www.w3.org/2000/svg'><path d='M4 1.5H2.5C2.23478 1.5 1.98043 1.60536 1.79289 1.79289C1.60536 1.98043 1.5 2.23478 1.5 2.5V4' stroke='#6B7280' stroke-linecap='round'stroke-linejoin='round'/><path d='M10.5 4V2.5C10.5 2.23478 10.3946 1.98043 10.2071 1.79289C10.0196 1.60536 9.76522 1.5 9.5 1.5H8' stroke='#6B7280' stroke-linecap='round'stroke-linejoin='round'/><path d='M1.5 8V9.5C1.5 9.76522 1.60536 10.0196 1.79289 10.2071C1.98043 10.3946 2.23478 10.5 2.5 10.5H4' stroke='#6B7280' stroke-linecap='round'stroke-linejoin='round'/><path d='M8 10.5H9.5C9.76522 10.5 10.0196 10.3946 10.2071 10.2071C10.3946 10.0196 10.5 9.76522 10.5 9.5V8' stroke='#6B7280'stroke-linecap='round' stroke-linejoin='round'/></svg>",
	"minimize": "<svg width='12' height='12' viewBox='0 0 24 24' fill='none' xmlns='http://www.w3.org/2000/svg'><path d='M8 3V6C8 6.53043 7.78929 7.03914 7.41421 7.41421C7.03914 7.78929 6.53043 8 6 8H3' stroke='#6B7280' stroke-linecap='round' stroke-linejoin='round'/><path d='M21 8H18C17.4696 8 16.9609 7.78929 16.5858 7.41421C16.2107 7.03914 16 6.53043 16 6V3' stroke='#6B7280' stroke-linecap='round' stroke-linejoin='round'/><path d='M3 16H6C6.53043 16 7.03914 16.2107 7.41421 16.5858C7.78929 16.9609 8 17.4696 8 18V21' stroke='#6B7280' stroke-linecap='round' stroke-linejoin='round'/><path d='M16 21V18C16 17.4696 16.2107 16.9609 16.5858 16.5858C16.9609 16.2107 17.4696 16 18 16H21' stroke='#6B7280' stroke-linecap='round' stroke-linejoin='round'/></svg>",
	"showPassword": "<svg width='16' height='16' viewBox='0 0 16 16' fill='none' xmlns='http://www.w3.org/2000/svg'><path d='M1.33325 8.00065C1.33325 8.00065 3.33325 3.33398 7.99992 3.33398C12.6666 3.33398 14.6666 8.00065 14.6666 8.00065C14.6666 8.00065 12.6666 12.6673 7.99992 12.6673C3.33325 12.6673 1.33325 8.00065 1.33325 8.00065Z' stroke='#1E1E1E' stroke-opacity='0.65' stroke-width='1.25' stroke-linecap='round' stroke-linejoin='round'/><path d='M8 10C9.10457 10 10 9.10457 10 8C10 6.89543 9.10457 6 8 6C6.89543 6 6 6.89543 6 8C6 9.10457 6.89543 10 8 10Z' stroke='#111827' stroke-width='1.25' stroke-linecap='round' stroke-linejoin='round'/></svg>",
	"hidePassword": "<svg width='16' height='16' viewBox='0 0 16 16' fill='none' xmlns='http://www.w3.org/2000/svg'><g clip-path='url(#clip0_16418_16727)'><path d='M6.58675 6.58594C6.39025 6.76904 6.23265 6.98984 6.12334 7.23517C6.01402 7.4805 5.95524 7.74534 5.95051 8.01388C5.94577 8.28242 5.99517 8.54916 6.09576 8.7982C6.19635 9.04723 6.34607 9.27346 6.53598 9.46337C6.7259 9.65329 6.95212 9.80301 7.20116 9.9036C7.45019 10.0042 7.71694 10.0536 7.98548 10.0488C8.25402 10.0441 8.51885 9.98533 8.76419 9.87602C9.00952 9.76671 9.23032 9.6091 9.41342 9.4126' stroke='#1E1E1E' stroke-opacity='0.65' stroke-width='1.25' stroke-linecap='round' stroke-linejoin='round'/><path d='M7.15332 3.38732C7.43419 3.35232 7.71694 3.33451 7.99999 3.33398C12.6667 3.33398 14.6667 8.00065 14.6667 8.00065C14.3686 8.63873 13.9948 9.23861 13.5533 9.78732' stroke='#111827' stroke-width='1.25' stroke-linecap='round' stroke-linejoin='round'/><path d='M4.40659 4.40625C3.08075 5.30933 2.01983 6.54976 1.33325 7.99958C1.33325 7.99958 3.33325 12.6662 7.99992 12.6662C9.27719 12.6697 10.5271 12.2963 11.5933 11.5929' stroke='#111827' stroke-width='1.25' stroke-linecap='round' stroke-linejoin='round'/><path d='M1.33325 1.33398L14.6666 14.6673' stroke='#111827' stroke-width='1.25' stroke-linecap='round' stroke-linejoin='round'/></g><defs><clipPath id='clip0_16418_16727'><rect width='16' height='16' fill='white'/></clipPath></defs></svg>"
}
